"modalidade","tierId","label","uuid","name","region"
"SMP","7","LT2","68c99c91-b4a3-474d-8116-81d4bbbd886f","MilanesaMacro","AR"
"SMP","7","LT2","aec0c315-ca03-4193-beaf-68d377d8f353","olfd","AR"
"SMP","6","HT3","f8cf1ee6-1590-4f6b-a378-d0b98cfff04e","Alximo","BR"
"SMP","6","HT3","dc43b9c8-0a5c-486f-a437-4cfe629a5ed0","Axzcl","AR"
"SMP","6","HT3","4265e038-ff23-41d9-bb12-ff59eff469a7","Banaza","BR"
"SMP","6","HT3","148c66f2-ef13-4f8e-b198-53104ee2e4b5","bargsupporter","BR"
"SMP","6","HT3","9952d659-eaac-4adb-bd60-5188e8a611b6","Dudys","BR"
"SMP","6","HT3","cf1408e4-ef36-4122-95bd-2c219aad202d","HellSinKy","CL"
"SMP","6","HT3","0e6ba1a2-e051-4b72-bc2d-5810211236e9","hipnose","BR"
"SMP","6","HT3","053f1d53-51ad-4bb7-bb48-63dcf83e3c99","hrdt","BR"
"SMP","6","HT3","14c3d15b-0eef-4b9e-8eb0-1d0edd45cf30","LenelFA","PE"
"SMP","6","HT3","deee4035-3a59-45b4-9bad-b33a7f3ea8d2","Sicklezin","BR"
"SMP","5","LT3","2f9a49c2-dc25-4ef9-baf5-9c0a6ce4c317","2feg","BR"
"SMP","5","LT3","ae82cae2-a380-4c42-9d0c-d4961cd78f2a","3Proyectados","PE"
"SMP","5","LT3","21254a6b-5f76-4e91-b7b2-8a1391015bf8","andrewlarp","BR"
"SMP","5","LT3","bbd6e598-16a1-4559-a274-1ed40591bd98","boomby_","UY"
"SMP","5","LT3","1a12ca4e-488a-475c-a07c-55e209f3e088","BrasilFailed","BR"
"SMP","5","LT3","6b28e5b5-3f7a-446b-9e96-db12a85c0a59","Chro0nos","BR"
"SMP","5","LT3","3ce0d045-ce57-42aa-b3fc-785212b487ed","Delicaty","BR"
"SMP","5","LT3","a3fd1b01-f4ce-4b1f-9f58-74f667277172","desumanidade","BR"
"SMP","5","LT3","4f18510a-dab8-46ca-91fb-7c090cd122eb","DJWillem51","BR"
"SMP","5","LT3","ca0a4c4e-de4d-4347-a0f7-5da6868f0847","Dramatizer","BR"
"SMP","5","LT3","c6a8ca4a-05a3-4afa-978b-452b7d59e091","escayy","BR"
"SMP","5","LT3","67d65914-a618-4da0-ac9e-7c05dfb5f0a9","evxngelich","BR"
"SMP","5","LT3","82b11b4f-4bee-4f78-815e-6955dbbcb465","fake2323","BR"
"SMP","5","LT3","cf1df011-71fd-49cd-9782-b29e82689683","FelonyXD","BR"
"SMP","5","LT3","ab645f45-2179-4f15-809b-e7f54253cbe3","GiraffeOF","AR"
"SMP","5","LT3","9fac89ba-9ff9-4d5e-9b99-4ee4296efc8e","Heroibesta","BR"
"SMP","5","LT3","e56e5838-8f11-4c93-b60b-3b87b3d6d485","ILoveMilanesa","AR"
"SMP","5","LT3","5ccc79c9-52c5-44b6-9832-d3133c26b478","imBlaze","BR"
"SMP","5","LT3","91b7f250-0a21-4809-ac23-cbd3d44bcfcf","iNunes_","BR"
"SMP","5","LT3","2c337d22-7e6c-4227-9d58-2b703cf77ac2","Itz_Zeynn","BR"
"SMP","5","LT3","db7077a7-a0c4-410c-98eb-2cc404379056","justmaniax","BR"
"SMP","5","LT3","6f89ef0a-a285-4ccc-bff6-68340d624351","kerialink","BR"
"SMP","5","LT3","117fdb81-fc2d-4f9c-ad15-edd3d97af111","Kniess","BR"
"SMP","5","LT3","bb7883c8-1204-45a2-96e1-fd956a96396f","M1dzz","BR"
"SMP","5","LT3","d10649d3-b323-4b6a-9aad-38bf66cf81e8","meteorinto","BR"
"SMP","5","LT3","c52245a6-ea4e-4b1c-93a4-f0900f7f58b5","Mubraa","BR"
"SMP","5","LT3","2a418f7e-a8af-4600-902d-5cf8d3183e15","NoHagoTrap","AR"
"SMP","5","LT3","3c3cc46e-6127-4fd6-b1bc-f118ea8a901c","oiLuca","BR"
"SMP","5","LT3","5ed3d08f-0dea-4676-99b3-a2d1e38cfa88","Pepalux","BR"
"SMP","5","LT3","82b279c4-6c69-4f14-892f-6d3333b0d2ad","Pesuke_Ofc","BR"
"SMP","5","LT3","c495639f-a05d-4640-b46c-ac4a93d85eaf","pykceew","BR"
"SMP","5","LT3","1a6a6a19-c4de-450c-8880-8692402ff2de","rafawalli","BR"
"SMP","5","LT3","9256d52a-4722-451b-a77a-6871e497b1cc","recalze","BR"
"SMP","5","LT3","70946efd-37ef-4273-bde2-faa96e9956c9","shamir17","AR"
"SMP","5","LT3","b7b15bc3-772f-4be4-b79b-3a69c7fe24b4","Shoyorty","BR"
"SMP","5","LT3","22a055f1-3d13-49dd-ae70-f1ee093b1fa3","SiegHartz","BR"
"SMP","5","LT3","cc7a54cb-ad31-475e-82e6-1be834bf9474","SkibidiSIgma76","PE"
"SMP","5","LT3","ccdb0039-b790-4187-80de-a0b9a8dacbee","TungTungCurious","BR"
"SMP","5","LT3","3f044927-65b2-4740-a0cc-ec94e0fb490b","TungTungMoon","BR"
"SMP","5","LT3","fc413479-a8fc-40c1-929e-2efa6ceb7ce1","TungTungShingyxs","BR"
"SMP","5","LT3","1b8b71f5-88b1-4b3a-b18c-ce86e8b755f0","Vivantis","BR"
"SMP","5","LT3","982abd2e-1b6b-487c-995b-460613e95fd7","yasumyzx","BR"
"SMP","5","LT3","2e7a436d-a926-41ba-8e26-9e883cfebf36","YoBlitzo","BR"
"SMP","5","LT3","77dad1a0-387a-4819-816e-7fb161033025","yStrykzz","BR"
"SMP","4","HT4","35fa6842-5f66-4b22-bcad-8e1d5b99d128","1hit_","BR"
"SMP","4","HT4","7fd1e9cc-2a6b-4e11-9611-803722745483","1topblessed","BR"
"SMP","4","HT4","238e319d-5b14-4b79-9758-bb2f65443779","33Miau","BR"
"SMP","4","HT4","ff67da4c-4795-46b5-bfca-d5fb104f5e38","Akkuroneline","BR"
"SMP","4","HT4","fcca450f-a4be-46aa-acaa-999baeb1d4c7","Arrasto","BR"
"SMP","4","HT4","609b05de-3e0d-4217-af83-110cf6e8f099","Augusto1006","BR"
"SMP","4","HT4","3281e37b-56a5-4cc5-a30b-99b54528dd66","AurablackegoLabu","BR"
"SMP","4","HT4","9cf6820e-0ef4-4412-a0d6-1e86b9693661","Bestedforagopro","BR"
"SMP","4","HT4","aa2faf93-2e5c-4cee-9804-85caba418ac2","Brugento","BR"
"SMP","4","HT4","2ced809e-6da2-4a57-844d-205a97f6606e","by_like","BR"
"SMP","4","HT4","2307578b-1a4f-4c47-954f-248103cbe646","conqwill","BR"
"SMP","4","HT4","b8d60c20-1b33-4a3d-9f1b-ebdc7e7ee326","cooklol","BR"
"SMP","4","HT4","90e182b6-0b50-41e9-942e-1aa7faf52d8f","crazyRar","BR"
"SMP","4","HT4","8f49de00-2461-4bad-874c-ecbd72a5aa08","Dakansushi","BR"
"SMP","4","HT4","bcf90f53-b770-41c0-90c0-4bb4cbdb6cb5","Dark1nho","BR"
"SMP","4","HT4","3631596e-5180-4197-88e5-fb11bb67adbe","Dioguito126","BR"
"SMP","4","HT4","4429304e-3add-429b-a75c-940c2478796d","djdjjd46","BR"
"SMP","4","HT4","307b4203-3839-4c88-8ef3-ed007524cf6a","DreamRuso","CL"
"SMP","4","HT4","a4087f0e-0ee6-4163-933e-efe75d8b0c84","drottoni","BR"
"SMP","4","HT4","3b016afb-3b34-42d8-9085-cb96eb308a87","DyNastyEx","BR"
"SMP","4","HT4","2fe00d31-a7da-4d3a-b46b-b44c4c2ec7ba","Err0r355","BR"
"SMP","4","HT4","604fedc7-810f-42b0-8a4d-780a971d6521","FemboiFlory","BR"
"SMP","4","HT4","0d460448-f2ac-441d-b77d-cb32ab9bd7b5","Gaandon","BR"
"SMP","4","HT4","6910c130-2238-4ad7-8f00-bb9e7bf37706","geferson69","BR"
"SMP","4","HT4","9b43c15c-c6cf-48a3-b8dd-00873ee3f5a5","gki_","BR"
"SMP","4","HT4","58c9e12f-ebb2-4c86-ac8f-e2957534b1f4","GSAutoClicker","BR"
"SMP","4","HT4","74140a37-a8a0-4188-b121-196c6e20bfd7","gui_tchola","BR"
"SMP","4","HT4","a1777e71-83fd-4bf7-baf8-cf0c551566b7","Guicraft123","BR"
"SMP","4","HT4","73c4af8f-3dd0-4f62-8034-8190d8169cb5","Ho0ppeer","BR"
"SMP","4","HT4","7407025c-1291-4004-8600-5125b8c40eea","iskybiel","BR"
"SMP","4","HT4","dc29fef3-4f0f-46c1-a675-7f4df6f9ae53","Jokyu22","BR"
"SMP","4","HT4","e53f9799-6ba4-4fcf-bf31-aac927e3e219","julhaum1","BR"
"SMP","4","HT4","de185e2c-86a5-42f5-9fa2-3aad524477b0","kzwm","BR"
"SMP","4","HT4","958076b6-cfa7-496c-a125-6a32b15e43ea","LamineYamal6742","BR"
"SMP","4","HT4","6de12fba-6aa6-4575-bbeb-a3001bf0ab34","Lourival_","BR"
"SMP","4","HT4","0f281ad4-9e8f-411c-8a1a-d97fa6be23e9","Ludsx","BR"
"SMP","4","HT4","7aa092be-1b50-4cad-9967-d93d404a65a6","LuiEHC1","BR"
"SMP","4","HT4","e7cdf4d5-a8aa-4f1b-861f-ff26bfb0d65f","malik5757","BR"
"SMP","4","HT4","61232b04-47e9-4588-b165-c4b7bfb34549","marquei","BR"
"SMP","4","HT4","d5f8e083-6a10-4c38-ad3f-e1373da89b06","MilanesaCabra","CL"
"SMP","4","HT4","97a8e56e-6e7c-40c8-8093-a959ffa0e3b4","MilanesaDeidad","CL"
"SMP","4","HT4","f7746eed-4505-45aa-99e2-5610e71f10b6","MiraMama","AR"
"SMP","4","HT4","c3162f74-8816-4ad9-ac9a-6e060bb73dff","ModelD","BR"
"SMP","4","HT4","8d396a96-f3a7-401a-90f6-8941e25f3dcd","mthzx7","BR"
"SMP","4","HT4","437a376e-d210-4d7b-808b-798372133a13","NearInformer","BR"
"SMP","4","HT4","819873ed-85ea-4f7e-8853-0d2fbe7d05b4","neeve_e","BR"
"SMP","4","HT4","7432b5e4-8ffb-4858-acb5-bb796b86bc53","nequg","BR"
"SMP","4","HT4","c683a1c6-701f-4097-9c0f-7918aa5c0014","Nikkz_","BR"
"SMP","4","HT4","9d973271-2077-4d31-8d32-11132ba44eb9","NoWayYwoz","BR"
"SMP","4","HT4","fd59643b-1f76-4f7f-bd13-15efba56d9cd","Nubx_","BR"
"SMP","4","HT4","93db676b-b349-484d-80cf-b30442acc692","oAkirays","BR"
"SMP","4","HT4","f2756c4a-64cb-4113-92ef-3e9b9870d8d6","oThoel","BR"
"SMP","4","HT4","d0b70f19-6df0-44af-8861-246920955042","pedropicapedra","BR"
"SMP","4","HT4","a8495166-da70-40fc-83e4-4f06f462aef0","pelaah","AR"
"SMP","4","HT4","1f046c3e-97d3-4703-9203-d900926b8dc0","PelotasWarrior","BR"
"SMP","4","HT4","d9348049-0b63-4c7f-8ff8-1409febbd371","Piedadee","BR"
"SMP","4","HT4","6eb1bde7-0b63-48ca-86b4-f7140bce3cb7","Piripaque","BR"
"SMP","4","HT4","8242db56-c9bb-4215-b322-eb1594fed3ce","POKEBRISA","BR"
"SMP","4","HT4","19a10a5d-a44c-4479-85e6-40648fb810fc","quackkpato","BR"
"SMP","4","HT4","e35a9e9d-dd8a-412e-88e3-aedb07e70147","refinado","BR"
"SMP","4","HT4","eb9914c9-a7de-4093-86f7-87e4e41671cb","SantaDoom","BR"
"SMP","4","HT4","24456c08-10e1-4797-96df-f01de86545c9","Shadompex","CL"
"SMP","4","HT4","5eab8c3a-dbee-4882-9042-454c017fb6bc","SiempreTriste22","AR"
"SMP","4","HT4","9677e53c-36ba-413e-a34e-8b51618ccee4","solidhtly","BR"
"SMP","4","HT4","3a5b171d-c9c1-44bf-9395-3296b70982a4","Sortyp","BR"
"SMP","4","HT4","836028c5-44ee-4975-a197-a64c224424fa","sznj","BR"
"SMP","4","HT4","22134496-4867-4b81-8a09-db9e1ad57433","tokiita","BR"
"SMP","4","HT4","ebda62c3-4984-450e-b1e6-90f25a462e0e","trollll5709","PE"
"SMP","4","HT4","78baac0d-81b0-41b3-a896-5c0e77ae0f18","TutuHartz","BR"
"SMP","4","HT4","fac3d524-5e9f-4b32-8024-247602a3800b","Valentin3s","BR"
"SMP","4","HT4","a1c2367e-1397-41f1-9f40-6e7c804255d6","Vendouzz","BR"
"SMP","4","HT4","3890aaf4-57d1-48b5-bb43-24d35d5f0543","Vort3xxxYT","BR"
"SMP","4","HT4","d47ffe55-87f7-4776-8bf3-acf04d07bebb","W3ndigo_fr","BR"
"SMP","4","HT4","9583242b-a39b-405c-a8b2-08c516c3378d","Wee_gay","BR"
"SMP","4","HT4","c84212ce-2a4e-40fd-b446-bcbbfa369186","WemmbuReverso","BR"
"SMP","4","HT4","3b068203-3e6d-43fa-8daa-53a4aaa55317","xd3vortex","BR"
"SMP","4","HT4","7224ba1a-fdd2-467c-8411-ca0a6aa32255","xEdu_YT","BR"
"SMP","4","HT4","1be38172-cfcc-409d-a460-914e9c2fe42b","xmp3","BR"
"SMP","4","HT4","18b9245d-e733-435f-81e4-c6532101181a","Yiakg","BR"
"SMP","4","HT4","ec4be5e1-26d5-41be-8252-9429433aa79a","yz_ArthurX","BR"
"SMP","4","HT4","9313b3e0-cad5-4853-bd5e-fe00a7578164","ZeroSalts","BR"
"SMP","4","HT4","f0540a6a-822f-4a3c-a025-d3abf9b36330","ZestF","CL"
"SMP","4","HT4","740ec607-6fb1-42d9-8a15-0b2040fa36d3","Zkwre","AR"
"SMP","3","LT4","40de1ec7-ddb2-48c3-a013-44416aba61a3","_Awy_","BR"
"SMP","3","LT4","79eb9dc5-c7d5-4635-9c6f-09bebd0ea7a6","_Incompetente_","BR"
"SMP","3","LT4","3ff91762-c2a7-43ec-bc19-a10e4757cf0d","_NexxPou","AR"
"SMP","3","LT4","4ef5fb27-f918-405d-a4db-ed5d61f06a51","01_w","BR"
"SMP","3","LT4","36d86369-24a9-4ab4-93e8-6fe8f9253e50","10011101001011","AR"
"SMP","3","LT4","c10827b5-5c2a-4c44-b512-4062a4c85461","1didizin","BR"
"SMP","3","LT4","a90f98bc-9b2c-4535-85af-a40ec1dce383","5gbbyN8L","BR"
"SMP","3","LT4","e7854374-aa4f-4739-a755-414f27e0c8a3","78void","BR"
"SMP","3","LT4","ddad6996-5e5c-4685-b982-0faa7485ddfb","7xyzz_","BR"
"SMP","3","LT4","f550a80b-9747-4e68-a6ce-511fc774d7e5","AfterDarknz","BR"
"SMP","3","LT4","0245863e-8b2f-442c-841f-d44c58b98cc7","Akemistico","BR"
"SMP","3","LT4","5664af12-68d1-42bb-9c4c-da76cd014a01","AlvinLarp","BR"
"SMP","3","LT4","af87fa0d-fd5f-4e57-9e13-18808d7a69ac","astrocarvrumvrum","BR"
"SMP","3","LT4","d6197868-3245-4cb7-bf0d-4e082cfe8369","AugustoAGC","BR"
"SMP","3","LT4","1a39d95d-c3bf-49a8-8c92-90f26934e02e","Azyu_","BR"
"SMP","3","LT4","9127abe5-105d-47ca-a343-20155386fc02","bacwz","BR"
"SMP","3","LT4","3c3028d5-58bc-41fb-9814-050703918612","BlackHunter2101","BR"
"SMP","3","LT4","bc96954e-c51f-4537-a6f4-9dd3be296804","Br_Eduzinnn","BR"
"SMP","3","LT4","b6842704-7ca0-44c5-a45a-79a2202afa5c","BR4GGA","BR"
"SMP","3","LT4","5da30928-8498-4c73-b643-6af1e281584e","Carinhoso_","BR"
"SMP","3","LT4","c3fe8289-b047-4581-bf32-3c3515264be7","Chosen__","BR"
"SMP","3","LT4","f5619d14-6fa2-424a-b11c-d777bc4d2276","CookieCF","BR"
"SMP","3","LT4","0727d0fd-f70a-404a-8fe5-270fd957fdee","Coxinhazx","BR"
"SMP","3","LT4","e6df0bb7-4926-4f9b-bf48-ff9fd351439d","cukiy","BR"
"SMP","3","LT4","c9c7d2de-3052-49a6-ac8a-47c10409eec1","Daguizxt","BR"
"SMP","3","LT4","4371df50-7f42-4932-b600-cb7e9d1764fd","Davi95","BR"
"SMP","3","LT4","64bedff6-e9c3-471b-aef2-23106ba0bafb","Daviwz7_","BR"
"SMP","3","LT4","39badcc0-5f76-4858-ad7d-9f0adba10a38","demonislife","BR"
"SMP","3","LT4","9ddca70a-348f-4b78-9d3e-29c34d0eefcd","densitylmao","BR"
"SMP","3","LT4","f8a0611e-2311-45b4-ab41-0d9a521d2d7b","Dudzsx","BR"
"SMP","3","LT4","b9ec68dd-1b19-420f-bbef-9584ace24660","eduzinkk","BR"
"SMP","3","LT4","2e7bc0fa-5a00-4a60-a926-8f9736383087","elite_unknown","BR"
"SMP","3","LT4","1e59fd9a-56c4-402e-a3ab-5e093127c22c","Ennoxxx","BR"
"SMP","3","LT4","0345bd2f-c95a-4f04-b749-776e7cfb12f4","EnricoVA2014","BR"
"SMP","3","LT4","65c86bdc-9753-4aa1-be11-6fb3fa86b21e","err0rsyncz","BR"
"SMP","3","LT4","1d82442a-0f8f-45d0-acd5-dc5b6ec6d75a","Fekete_","BR"
"SMP","3","LT4","e404ba7b-4acd-4e7f-b7f9-5d7cb4fc201a","FFranchu","AR"
"SMP","3","LT4","aefd1b87-47e2-4ef9-8787-ec893a3f50aa","FigtzBR","BR"
"SMP","3","LT4","15a31f42-8639-4542-90b2-e7b486861ca2","FinxxS2Espanha","BR"
"SMP","3","LT4","93a73c76-8333-4c95-ab90-375801ab5f52","flint_edd","BR"
"SMP","3","LT4","bb6e9b34-8a88-46e3-b875-b4c6a25f70e3","Florbsss_","BR"
"SMP","3","LT4","183713a5-f83a-483e-a580-44ef26132df5","Frepes","BR"
"SMP","3","LT4","b35a533d-7308-449d-bd61-cad093253dad","gloriador","BR"
"SMP","3","LT4","177922f6-9c10-473f-8ab4-a758c709eb99","GowaTungTung","BR"
"SMP","3","LT4","0fcce85e-2023-4377-a2ab-cb864b450cb3","guxtinhoxd","BR"
"SMP","3","LT4","7d6174bd-cc78-4051-9d8d-74ee2fecdb67","haimetro","BR"
"SMP","3","LT4","dc76c6d4-208a-464b-8666-3dbbc166d58e","HealerAngel3","BR"
"SMP","3","LT4","bf0af41b-200d-4688-b02e-bf57d5bd6cd6","hhent","BR"
"SMP","3","LT4","eafd6238-d41d-4439-bdb8-d3ef13a58ac1","IamLitty","BR"
"SMP","3","LT4","8ed43925-9735-45f5-a1c3-104d8412ef3e","IFrogX","BR"
"SMP","3","LT4","f71ed424-4160-4f2e-8403-0305a0f2ee6f","Jaozinx__","BR"
"SMP","3","LT4","0f4637a5-735d-46fa-809a-f25bd38afc63","Jesterxyz_","BR"
"SMP","3","LT4","46247291-0143-4a0a-8eda-5d8382786187","jggwt","BR"
"SMP","3","LT4","0a1169b1-61e7-4f9b-8a6a-776c26b84b88","joaopriquitu","BR"
"SMP","3","LT4","20b2f63f-00ef-4685-8ed4-c2d564a6d796","josuejo1","BR"
"SMP","3","LT4","c447a026-68c6-4007-9775-ea608f38bd72","JustSeekenn","BR"
"SMP","3","LT4","0c86e8da-0a56-41fc-833d-6d0f04aa2b85","JustWanteds","BR"
"SMP","3","LT4","986a9559-09ed-4323-af1a-e7d4cd7ea7dc","Kairokxz","BR"
"SMP","3","LT4","5435aa19-cf98-4f01-a1e1-addc8a5393d4","kanove","BR"
"SMP","3","LT4","32a5b1ef-7991-46bd-b12f-fdcba84522db","Kart4K_","BR"
"SMP","3","LT4","3bbc0171-895c-401e-85d9-891bff5642bb","kbzxzz","BR"
"SMP","3","LT4","76c7aa3b-c0e4-4e1c-9c4b-6c3f06857742","KillerDeTaubate","BR"
"SMP","3","LT4","63e4ea77-52a9-426e-84a9-c5be9efdf114","konatoqz7","BR"
"SMP","3","LT4","99000bd8-e2e4-4437-9733-dcd128279bb4","LaMorteDoPato","BR"
"SMP","3","LT4","a87f53c3-e71a-492a-a7c0-22d5b7cb94fd","Ligeirinn","BR"
"SMP","3","LT4","ad2eb85e-852a-4f50-a29f-df7e017682d6","lostanger","BR"
"SMP","3","LT4","93136e85-0290-414e-8c21-d5cadf4198fb","LowNezz","BR"
"SMP","3","LT4","06203091-e116-4f5a-ae62-0fe05719e639","LuizTheFallen","BR"
"SMP","3","LT4","ccda08a3-c437-4f36-b436-99e3686da3c8","LyssO_O","BR"
"SMP","3","LT4","f61b14cd-8180-4fbf-b0bb-86f8dbec8e0f","masterdopvpheh","BR"
"SMP","3","LT4","18b57fb1-eca7-457c-803c-a0cded387fa5","MestreJapm","BR"
"SMP","3","LT4","7e59a358-7088-4dcc-8b8c-d55d26587654","mosaikou","CL"
"SMP","3","LT4","44e20b31-7985-431a-940f-e6b4bca7a296","mszx23","BR"
"SMP","3","LT4","e7f4791e-649a-4e78-886a-5ff5de5507a5","MuckiniPizzanini","BR"
"SMP","3","LT4","2348d4bc-4742-4ebf-8340-b434d2a5d653","MysticTungTung","BR"
"SMP","3","LT4","6c3db5d2-fa0c-463d-b0cc-f2580689e1b4","NaturalTungTung","BR"
"SMP","3","LT4","93a41ece-3b83-48f5-8be4-b154a5a4bc48","NightFallS2","BR"
"SMP","3","LT4","62955b38-e37b-4dc7-a323-cc92fe666f38","o_real","BR"
"SMP","3","LT4","ae151032-45cb-45ff-bf41-5867239eff43","offhatesarroba","BR"
"SMP","3","LT4","fcf20425-5858-48ba-90b3-5431862d27fc","OFNXGabriel","BR"
"SMP","3","LT4","0d7f8c24-5f9b-4377-8de9-93ab814fe3d2","oGaber","BR"
"SMP","3","LT4","d295517a-bd47-4a4a-be44-4d3591675f4e","ovorecheado","BR"
"SMP","3","LT4","3571e9a5-f421-485c-a5bb-e57698635eb7","Palavras67","BR"
"SMP","3","LT4","9e12c831-7d52-424b-a995-b923dc543363","pawlifiy","BR"
"SMP","3","LT4","c6c5e184-6735-4546-add3-6c7199b46655","peanuts_L","BR"
"SMP","3","LT4","00bbee4f-65a0-4e61-9679-2232220f2106","Peopple","BR"
"SMP","3","LT4","bafadee9-2851-463f-adde-7408a60fa6a6","pinzaak","BR"
"SMP","3","LT4","c57b0200-c83f-470f-8b67-d859af7ae161","PlayNicolas","BR"
"SMP","3","LT4","e50c92ca-6596-4cad-9141-852d44b371a2","Plexoss","BR"
"SMP","3","LT4","98108c05-822f-429c-829b-de67b7ff204a","Pottaatto","BR"
"SMP","3","LT4","b3b7e197-0553-48dc-b336-4bb968295334","qcgp","BR"
"SMP","3","LT4","d7f094ec-5cef-497b-88df-3886c73e4f14","quazxr","BR"
"SMP","3","LT4","3978a90f-6784-4983-b837-904ed9f1bf3a","R10y","BR"
"SMP","3","LT4","f7ba07b5-a222-41c7-9ee4-e8844b036f7e","risokxzzzzzz","BR"
"SMP","3","LT4","339d95aa-7e49-4a31-a19f-7c597702ab74","ryukszxd","BR"
"SMP","3","LT4","a3b679ba-75f4-4375-8e67-5a9b1b450b2b","SaniGoat","BR"
"SMP","3","LT4","d83505e6-a047-4397-879e-a6fabb05d294","Santtzxx","BR"
"SMP","3","LT4","94ea8ccf-f0ed-45ba-96d0-943b6700bee3","SimpleLoss","BR"
"SMP","3","LT4","24818686-6181-49c4-b434-66011a6a27c7","Sir_Itte","BR"
"SMP","3","LT4","bcc1ef53-e010-499e-b59f-dea9a4ac3435","SrKoenigsegg","BR"
"SMP","3","LT4","7deb4b5e-7bb2-4bd1-a681-63961601690a","Subestimei","BR"
"SMP","3","LT4","2e1a449d-fe1a-462a-aa72-83cbda50805d","Sureyaa","BR"
"SMP","3","LT4","db1bc830-ce26-49e7-9171-f7cc398e0a51","Sw1tch__","BR"
"SMP","3","LT4","771f23aa-69f1-48a6-955c-fb3f7e8703d9","SweetBoy11","BR"
"SMP","3","LT4","d237abe3-592a-4f0e-8921-ba8938d8f57b","takeyroXD","BR"
"SMP","3","LT4","e15d9c27-faed-4382-ad46-420654c37b4c","temoroo","BR"
"SMP","3","LT4","978e9149-0e5b-4270-b16d-aaa8b26284ed","Theodoroo","BR"
"SMP","3","LT4","ea14040c-1a84-4533-8d0b-ff572b20d963","TinySUEPA","BR"
"SMP","3","LT4","92475ae7-9be5-4114-91b8-48adb8b2beec","TORORO_VEM_FORTE","BR"
"SMP","3","LT4","b8b21387-0ac7-4b12-b571-f5cd4ad7e09d","tortapro","BR"
"SMP","3","LT4","39400096-ac26-4960-aae5-d66f77fd717d","ttylol","BR"
"SMP","3","LT4","10a9bf3b-0cb6-4044-817e-dfac8cd578b4","Uga_300","BR"
"SMP","3","LT4","479644ad-edf6-43cf-8c39-cf0b4e876f44","um_perdedor","BR"
"SMP","3","LT4","387d3990-c0ca-43c9-a544-0796cc7a258d","vampzin__","BR"
"SMP","3","LT4","8757b546-1b31-4233-ad3b-0aa4ff20d46c","VazioEcoante","BR"
"SMP","3","LT4","215fa21e-df1e-4594-bc42-a104b0e0d53d","veighass","BR"
"SMP","3","LT4","c3bc17fa-8878-4c5d-94b3-2dab38d79fad","vGelo","BR"
"SMP","3","LT4","06690efa-d558-40ce-8aee-56202f5d416b","VHX_zin","BR"
"SMP","3","LT4","0fb31679-ffcb-4aa3-b942-7c8a0945b945","ViniciusRanger","BR"
"SMP","3","LT4","fbadffbe-de9e-477e-aebb-80a301277f18","walmart_x","AR"
"SMP","3","LT4","6f742e1f-356c-41d9-bbf7-ec355afa7eb4","WillieDesu","BR"
"SMP","3","LT4","87d3c669-8b78-4d93-a17e-78fd3c300afd","xumpe","BR"
"SMP","3","LT4","288fbc84-eb07-411f-b358-9a675df91997","yAspect","BR"
"SMP","3","LT4","3b2e220b-d1e2-4b55-9ab6-0e4abc5f3c97","yDragonXD","BR"
"SMP","3","LT4","3097d8ff-9823-4b60-b11d-82ef1709de39","yFalleen","BR"
"SMP","3","LT4","32f774b8-8719-4e11-b3b3-aa986b035a3c","yGordaoBr","BR"
"SMP","3","LT4","395162a1-5e87-4997-a7fd-45544fa5e5d7","ykkxzzs","BR"
"SMP","3","LT4","740a9b2d-8f3c-4bf1-b038-74515335d36b","yTexxxzin","BR"
"SMP","3","LT4","bb2f0028-2236-4d17-8d89-2f66846992a5","yukithemutee","BR"
"SMP","3","LT4","1368d8d0-4ad3-4f46-baed-63fab3ca3f12","yuriludmillo","BR"
"SMP","3","LT4","62f29235-1d5f-405f-88ed-c58accb880f6","zNuvem7","BR"
"SMP","3","LT4","7302260a-d0e6-47e5-a651-54b2d1fdcb0d","zPedro64","BR"
"SMP","2","HT5","f709e865-5fde-494f-b8ea-3504a08853af","__Kmz__","BR"
"SMP","2","HT5","7026551f-ef25-4bd0-89d0-10987388ccce","0_wIn","BR"
"SMP","2","HT5","eb52d983-1b32-476b-b26e-689aaa0dada5","1Lvrd","BR"
"SMP","2","HT5","9d74524d-64bc-4b76-9ba2-6108b71eff7f","1ustmoney","BR"
"SMP","2","HT5","37d76523-139b-427a-af31-f71303f30d96","27r4in","BR"
"SMP","2","HT5","33d4ed14-e97c-4ff6-ab67-b4c606b70fbf","3984532454","BR"
"SMP","2","HT5","654a164d-dde2-43b7-8e4a-662529135f7c","67Drilla","BR"
"SMP","2","HT5","31970d01-31de-4efd-b097-ce39bca31046","Acles","BR"
"SMP","2","HT5","614f9ea1-6263-4c0e-b126-2a108c86642a","Alexynzz","BR"
"SMP","2","HT5","d3e35709-7f32-4eb8-8012-96f15ed13ea9","alterando","BR"
"SMP","2","HT5","db5011df-dcce-4c3f-8d47-6a4fba5e8eee","ArashiDK","BR"
"SMP","2","HT5","76145bfb-77c3-4990-870b-6c5ed126a3f0","batatatristeS2","BR"
"SMP","2","HT5","f1dccee1-ae6a-43d5-9b28-d05b175077d3","belsonz","BR"
"SMP","2","HT5","5b68350c-cf94-49ef-99e1-9ab93c8003ce","Bilizwx7","BR"
"SMP","2","HT5","f6135fd6-b3ff-4297-9c53-7710053d98f5","BKrebs_366066","BR"
"SMP","2","HT5","0cbaaca6-d019-47c3-9d5c-7dc904a8e1e4","bolarolissa","BR"
"SMP","2","HT5","e82be54b-668e-4ccd-9814-6045a4a7b469","Bone636","BR"
"SMP","2","HT5","35046a29-1efb-4672-ab2f-d7b04fdcbc6d","Brnxzzr","BR"
"SMP","2","HT5","aed1c980-74b8-4efc-ad4c-d2bba29fde36","Buena_2k","UY"
"SMP","2","HT5","5ef82ebc-9925-40c4-a3b6-0906c7f4cadf","BurnedByHell","BR"
"SMP","2","HT5","c570ef7d-4ba9-49d3-b32e-0d5946c7545a","bylinguiK1ng","BR"
"SMP","2","HT5","137ea3d2-0250-489f-8b77-da82c02a1d60","capibarafan123","BR"
"SMP","2","HT5","020a614a-6867-466d-84a1-437f726475cd","CaraDeSapao","BR"
"SMP","2","HT5","d0060d80-78e4-4f18-8973-d4c5d3778093","ceuchio","BR"
"SMP","2","HT5","6fbe875c-3cbe-4e9f-8682-39361a91d3f2","cloujo4","BR"
"SMP","2","HT5","52e6b87b-bc32-4515-b98b-dd4e99818cff","conquitos","BR"
"SMP","2","HT5","5721ff29-ff32-456a-84e6-cf32b81c5edc","CraazyBR01","BR"
"SMP","2","HT5","f3ef0a9c-e417-4b7b-a247-ed84ad911e01","Daniel44335","BR"
"SMP","2","HT5","332fc138-a6b4-4fc5-a106-a52d7052511d","darkdis0809","BR"
"SMP","2","HT5","8ddb7467-77f8-46c4-9767-a372d4dc8b01","demonarts","BR"
"SMP","2","HT5","6a01be72-bab9-4181-8f1e-d92555c4dcc2","Demonlishing","BR"
"SMP","2","HT5","5d18f501-5d16-4f9d-86ab-d37cc84aa679","denhicbye","BR"
"SMP","2","HT5","21ce4e8d-75aa-46f0-b93f-f869ba87f3e1","DouctVendouzzJR","BR"
"SMP","2","HT5","a11e8d7a-f7ab-4d2a-b314-1acd5aee4cd7","DudaJureii","BR"
"SMP","2","HT5","0f7bcaf7-5e40-42c0-bfbe-42c395a1d5f6","dudz_king","BR"
"SMP","2","HT5","99d62bb9-0aa7-4b01-8885-974319db9eaf","egoismolol","BR"
"SMP","2","HT5","25f3bff1-2889-4a5a-b9d3-06713b3f9ab4","ElGato9","BR"
"SMP","2","HT5","897efba6-0504-4290-8c39-1b80038a92ab","Endroth","BR"
"SMP","2","HT5","413850a1-58f0-4de9-bad7-b6ff9067c237","envyMuda","BR"
"SMP","2","HT5","df866a73-15a6-4cd9-aa44-6d79b94c5495","EvSouzx777_","BR"
"SMP","2","HT5","9fd12bd8-ac78-41e0-bda0-217e83cc7e94","ExcamDtaps3","BR"
"SMP","2","HT5","accfd3be-3fa2-4bea-9b33-59364d11c4b0","Extermina","BR"
"SMP","2","HT5","7c1059d1-538d-4ced-9798-a2cac2b86520","fa1th690","BR"
"SMP","2","HT5","a70c73a0-6eeb-4f52-ac80-0efd4f5cb7ba","faelx","BR"
"SMP","2","HT5","58c2f681-1de5-4a15-bec2-c3710db948e0","FALL7798","BR"
"SMP","2","HT5","d8a215cd-bb30-45ad-b5a6-8606907fa80c","FELIQUITO","BR"
"SMP","2","HT5","4091a0ac-d06b-4e54-9fd9-9c3c21fa8154","Fhip_","BR"
"SMP","2","HT5","fe7293f9-891e-426d-8d09-ee91fdb922ad","Fixller2","BR"
"SMP","2","HT5","f3835b7a-8ca5-48cb-bfe7-5d43b9c79d18","Flakic4h","BR"
"SMP","2","HT5","e893ca2b-cb95-42c0-bb89-faf136695f47","FlayzzBB","BR"
"SMP","2","HT5","136ac875-e142-4e38-bfb5-ce56d22c9bd8","fogojvca","BR"
"SMP","2","HT5","b71c51cb-5c2e-4129-be8a-a2ba29e9364a","Frogfield","BR"
"SMP","2","HT5","abd8f00f-a775-4b59-ab37-89da776d4f1f","FullWMechanics","BR"
"SMP","2","HT5","ed067301-2b27-4965-afaf-f9c9870f0fe0","fzax","BR"
"SMP","2","HT5","b1c1ef96-e04a-47f7-9a19-594aecb6b1ab","GanleyGG_","BR"
"SMP","2","HT5","a319fa21-8c62-4cd8-9049-1b110253d3ed","Garc1ak","BR"
"SMP","2","HT5","383e4c1b-a2ad-4653-87ee-bcb66b2f809c","ghosttruux","BR"
"SMP","2","HT5","3ca5af9d-dd74-42b3-9f12-c839cd959bd4","Godzsx","BR"
"SMP","2","HT5","e1ed46b2-1804-4cea-8f75-4990dfaccc40","GoneStar","BR"
"SMP","2","HT5","85ca744f-665b-4b82-8bc7-d4015e1d40b8","Guelita","BR"
"SMP","2","HT5","c71cc80c-395d-41c0-9fce-79c76b52d744","Guilherme04v__","BR"
"SMP","2","HT5","53ba8886-01a4-4613-92e9-a647d3ea91cb","guizinducuscuz","BR"
"SMP","2","HT5","0015fab3-1ccd-4dd9-942f-8b74e4a6b951","GustavoPudim","BR"
"SMP","2","HT5","c33823eb-5cad-47dd-835e-26d086375074","Hgrzx__","BR"
"SMP","2","HT5","e5dfce26-3d9f-4d00-8078-9138850d9979","hhollowed","BR"
"SMP","2","HT5","ea1ea046-adc8-440e-a7df-62257af361a1","HKE_","BR"
"SMP","2","HT5","eea0275c-a068-4ff7-9924-ee4b5ded4e28","IamKxiser","BR"
"SMP","2","HT5","e5c1cfb1-f7c5-4bf0-b310-c5b5af6c64b3","IamShawtybitiz","BR"
"SMP","2","HT5","ec2aae4e-4637-4f0b-86b4-009b151400e0","IdkHowUseBow","BR"
"SMP","2","HT5","e15c839f-9afd-49a3-ba82-3b184dd11b27","INNSTAVEL","BR"
"SMP","2","HT5","364864aa-7462-4126-b482-20cf3ca825bf","ItsFacin1","BR"
"SMP","2","HT5","f8f6a9a8-2b5b-4de6-85d9-9466aa78d90b","ItzMeKingz_","BR"
"SMP","2","HT5","383074a3-ab4b-44fa-80d6-12f226e07eff","Izulk","BR"
"SMP","2","HT5","b36ac654-fac3-4f62-b463-4c2535ebc860","jaozincrai01","BR"
"SMP","2","HT5","f3aec6cb-6d10-43eb-ac03-7cb7ca1816fd","Japonexxwwwwwwww","BR"
"SMP","2","HT5","84c68221-a19c-4368-a143-1893ec905ad7","JoaoTsun4meBR","BR"
"SMP","2","HT5","bed508a6-caf2-49b5-a47d-f1232e591136","jocax_","BR"
"SMP","2","HT5","899bd993-e15b-47be-9fd9-4770ef657d32","jugab10","BR"
"SMP","2","HT5","4ded57f2-1b78-4900-be56-ecbb8452a7f7","JustWizzard","BR"
"SMP","2","HT5","e4241002-f960-402d-8c78-900d005fc933","k3smp","BR"
"SMP","2","HT5","713c0557-c2b0-4ee8-a054-ea5e9240f801","katsu12321","BR"
"SMP","2","HT5","3d5221cb-6c3a-40c5-a35b-9f481ef77e4e","kenk_","BR"
"SMP","2","HT5","6b0d7ad4-820b-4823-8ab7-c285b8b39873","khlaude","BR"
"SMP","2","HT5","8f23c31a-c780-4373-a034-ab1a390d7b20","Kings_V0rtex","BR"
"SMP","2","HT5","e62d04a9-ab52-4183-9e58-a37aa2718b86","KzexisLegal1533","BR"
"SMP","2","HT5","5e420bb8-a8e1-4472-aa2a-df8dca7a6ed2","LarpBieber","BR"
"SMP","2","HT5","4367d167-a55d-4288-9d6b-e3a943c2c75e","Legites","BR"
"SMP","2","HT5","e6d177f1-5b7f-43b6-b19c-48ade5d31658","leopro1h","BR"
"SMP","2","HT5","0d54d22c-6c4b-4c8a-ac70-a09304648af1","lessbye","BR"
"SMP","2","HT5","cd14d4ed-bba4-4b43-99e9-caceb9138194","lightzwhuzz","BR"
"SMP","2","HT5","067a3b42-59d5-4857-a354-a1cb34dfe140","LilSanix","BR"
"SMP","2","HT5","90c01ca1-9a54-4e5e-859c-f155ae6d9c4a","lipe10gamer","BR"
"SMP","2","HT5","22b19194-ccc9-4ed7-a607-e2dd4c828636","LittleMat0987","BR"
"SMP","2","HT5","9334cf4b-8fa9-4d7a-95d4-4086ac845661","Lotusz__","BR"
"SMP","2","HT5","ba4f8267-8b2d-46e7-a355-9ebfddb54670","LoveAndFever","BR"
"SMP","2","HT5","aa60c36a-6112-406e-92a9-74fb8f77424b","loverofpvp","BR"
"SMP","2","HT5","c1d2f0c7-676e-4a4c-8829-1fd515a0727c","lowsanity_","BR"
"SMP","2","HT5","1a11896b-ce00-4940-bc64-ab4c69d81ef0","Loxarm","BR"
"SMP","2","HT5","4897a15e-408a-4fdd-8bf6-7ec7fe8ea51c","Lrzynn","BR"
"SMP","2","HT5","03857056-db5a-44a5-95c7-a0635da27061","Lucariogamer10","BR"
"SMP","2","HT5","081d9d61-1d7a-4b28-8da5-a03688389fdd","lucasj201","BR"
"SMP","2","HT5","477442de-fb7d-4183-ad38-5af281d4287f","Lucaszin775","BR"
"SMP","2","HT5","1fe30fa2-3186-4ff5-a4f6-cfed15a4bfc1","lucmuki","BR"
"SMP","2","HT5","105ef8ee-ea79-4dac-bf6c-6274c873f36a","Luhnny","BR"
"SMP","2","HT5","d2df1893-f969-4dd3-95a3-122dfc383ea7","luisdoxvdss","BR"
"SMP","2","HT5","1fe1f7d6-12e2-49cf-813d-d23abce20c8c","LumiAstral_","BR"
"SMP","2","HT5","49e371ef-ddc3-48cc-b6f2-ad2e012fd4ea","Luzes7","BR"
"SMP","2","HT5","7519febf-73d5-4e10-a276-17079221bbec","maick00","BR"
"SMP","2","HT5","bcbf73d4-9fc5-40b3-9b32-b16c8b428404","manuwhxt_","BR"
"SMP","2","HT5","4f26026d-e5ef-46c3-8b3b-92492f64e7e6","MarinTrs","BR"
"SMP","2","HT5","74b3e91d-dc84-40c5-b1e4-dbe51b87680d","Matrix99Z","BR"
"SMP","2","HT5","f3e6ce76-7a8b-488a-b62d-85b431f930ff","Melowzky","BR"
"SMP","2","HT5","dc15c1ab-0038-4a50-80df-ca9e3baf79ad","mickael7z","BR"
"SMP","2","HT5","4b79d726-61b6-47d1-9e06-f8e4bcd86e64","miggyznx","BR"
"SMP","2","HT5","f03767de-4753-4cd4-87b7-c1128376278c","mmpl4y","BR"
"SMP","2","HT5","be72a471-9135-4f84-9928-2fad4edff167","mo0gcity2","BR"
"SMP","2","HT5","9e5b10ad-5e6d-4e65-878e-07023b327921","Mogell","BR"
"SMP","2","HT5","7d79d9df-3368-4e91-90b5-077d286ea228","mrgelinho","BR"
"SMP","2","HT5","da1afb52-149e-473f-a28e-f185f42f47a3","MrPigzrw","BR"
"SMP","2","HT5","96096b01-7a68-40cd-9314-4e68c8e095a2","muffet0","BR"
"SMP","2","HT5","ad0b8e47-4cfa-426a-aa74-7e015c512112","mundo_crefit","BR"
"SMP","2","HT5","290517ce-cf03-45f4-8ed9-bb98c5f8b276","Murilinphelps","BR"
"SMP","2","HT5","6556793c-9b56-4a13-b986-f2dc1b315c6e","Myyel","BR"
"SMP","2","HT5","2956474b-c280-4f0c-aae9-b82c502a520f","Natsulking","BR"
"SMP","2","HT5","9ebdf9ac-22c0-4409-bee3-6797dfd5b0b7","nclima","BR"
"SMP","2","HT5","3dbb3a70-ffc6-4313-a55f-8effd3b9d68c","NerdZeraa","BR"
"SMP","2","HT5","b4d15ddd-d4f2-4b82-86a4-606654c48ff2","Netoxpz","BR"
"SMP","2","HT5","910dcabd-69e5-4bdb-a79e-4c45fded6ef5","NewCrowned","BR"
"SMP","2","HT5","d62c5ce9-4aa5-446f-9fd9-615ab210c62f","NiehuesN","BR"
"SMP","2","HT5","ae1ef6df-3f00-4657-8c78-96eff2c7aa00","nnikz","BR"
"SMP","2","HT5","5aef89f6-9f05-49a5-b287-a55fa1a1a2a8","noaaah003","BR"
"SMP","2","HT5","12b64e8e-52fe-461b-a1be-cec5d2c2a0c0","NowFrost","BR"
"SMP","2","HT5","4e96f921-d454-4467-b5e0-92cee9a553b8","NoXy_XxX","BR"
"SMP","2","HT5","66d8cc92-2b4c-495f-ad6a-d36d9177f444","ObscureRaze","BR"
"SMP","2","HT5","a5f33682-ec4e-434c-b8fe-af03d41f0e01","OiRainRain","BR"
"SMP","2","HT5","be53ac11-15ab-4e41-9488-b843f3bda313","osleppy","BR"
"SMP","2","HT5","a8192ebe-4399-4d7b-aa73-10629aced47e","Ozyrl","BR"
"SMP","2","HT5","b92db484-1b15-4c5c-a205-4a4e3ae9df7b","p4sokaa","BR"
"SMP","2","HT5","e90377aa-1bcd-4913-929b-74b5c6744599","PazCombed_","BR"
"SMP","2","HT5","8d3d9082-8593-4489-9653-f094d9756fe2","Pebel_","BR"
"SMP","2","HT5","16d1c495-26a4-407e-aa82-c1753954a1e7","PedritoGamer67","PE"
"SMP","2","HT5","c2fb74d1-b000-4a8e-972c-d4e196c967da","Pedro13ajk_FR32","BR"
"SMP","2","HT5","de315108-90e5-4cda-bb62-b3abe6e76771","PedroSlayer","BR"
"SMP","2","HT5","488215e6-82c6-4701-b182-4839e371f25b","peripatoh8","BR"
"SMP","2","HT5","0fb75dc7-579f-4b89-a7d4-917b13071eb9","PiorQueBot","BR"
"SMP","2","HT5","8c0cc44c-9245-4b2b-8b54-a92a1e833e6e","Planed000","BR"
"SMP","2","HT5","42cc3fb0-a88c-4b83-958a-eca3bc5e138c","PlayZoneBR","BR"
"SMP","2","HT5","43d203ec-b084-4297-bad6-424adf9b6f7f","Poliwytresa","BR"
"SMP","2","HT5","10bff3c8-5427-4335-bc0b-f5c215b25aab","Prekinho","BR"
"SMP","2","HT5","0c1a8f5c-41c3-48c2-9e6c-30f5327f9f92","PrismS2Spain","BR"
"SMP","2","HT5","b5d2cb20-ce27-46b2-a6a9-f02d908c7f5d","queirozkkk","BR"
"SMP","2","HT5","2309a5f3-dfe6-4c1a-8122-4a94162d253a","qwcw","BR"
"SMP","2","HT5","aaf13c55-83a9-493d-82f1-90b8307ce7f7","r3_w_","BR"
"SMP","2","HT5","8b24fb16-d5fc-48ab-9ffb-6df6b260a515","R4phxx","BR"
"SMP","2","HT5","dcc0137b-c818-4122-b6a7-b908fa708be0","RandomicoZ","BR"
"SMP","2","HT5","f9b782a4-83f3-497f-85cc-55b5368fdaee","Reciproo","BR"
"SMP","2","HT5","8a724286-cb78-4b30-a940-dea0af8026d3","redoma","BR"
"SMP","2","HT5","2182f6db-1507-4469-af4a-ef472e5ec638","samucaXdaXtijuca","BR"
"SMP","2","HT5","b57da3ed-24ae-425e-bfdb-510d6cdf4fd7","SamuhRULADO","BR"
"SMP","2","HT5","ba7ad7c7-2684-427f-9f57-8e30a0c19017","sanorar","BR"
"SMP","2","HT5","d080f682-dce3-4bf7-a05a-9bf20b7688c3","santiagoogg","BR"
"SMP","2","HT5","4c82963b-9fe6-44a8-861d-f84b404e20a9","satisfazendo","BR"
"SMP","2","HT5","8b8e39f1-4f24-43dd-998f-5bd47cd38c8a","ShadowF11","BR"
"SMP","2","HT5","ad9178bb-658a-49cc-8ba5-0af068bcfff4","Shaspiro","BR"
"SMP","2","HT5","75565e76-ccef-4b13-bf9a-056d933da9ce","skate12qh3","BR"
"SMP","2","HT5","e7f28076-d33f-48b9-b67e-57910aef6589","sobrecargaLarp","BR"
"SMP","2","HT5","5e1e2b89-8ebe-47e3-907c-f1f0822276b8","Sonecazx","BR"
"SMP","2","HT5","ee703636-0b26-4e81-8eb4-a30f0902d587","Sophlol_","BR"
"SMP","2","HT5","c25cfc14-df93-4fb3-975a-ed92bafa9f09","sorrcwfull_","BR"
"SMP","2","HT5","197d46b0-f3f5-4f4c-af01-64e795ee763a","Spyzx_","BR"
"SMP","2","HT5","dd885dda-2ecc-4b40-aa60-70c9b9e18e06","SrMigu26","BR"
"SMP","2","HT5","a0f375a6-c36d-4b94-bdc3-15c37f1709fe","SrnkPearz","BR"
"SMP","2","HT5","560285b2-d973-42c5-b526-aae9205ea1e7","sukepng","BR"
"SMP","2","HT5","dca812ac-f0ce-4144-b838-8af3148bf62b","SupremeStyle_","BR"
"SMP","2","HT5","f518e026-5317-44bb-af1a-b18a5b716e9f","sweftrss","BR"
"SMP","2","HT5","69fca64a-0b2d-46d5-9888-26f4aa49ef9e","tapiocapro","BR"
"SMP","2","HT5","a86d46f8-34fc-4348-9280-575519b04b28","Teyun","BR"
"SMP","2","HT5","35909e16-5a3a-4ce1-bc5c-4ce389bff0ae","ThalesSavage","BR"
"SMP","2","HT5","8bb33725-c7a8-4559-846d-34ba7282d7d5","theuzbw_","BR"
"SMP","2","HT5","f04a9caa-f613-4a03-b90f-a2f610d1dc52","ThvZZ","BR"
"SMP","2","HT5","7cac5215-ba51-46e5-a397-26342824c5b6","TiltaNaoLerdo","BR"
"SMP","2","HT5","fbd78e89-6b61-4897-add9-5a18019223e9","tomatebom","BR"
"SMP","2","HT5","d8a707ae-f234-496f-b9df-897344d95342","Tomyyyy_","BR"
"SMP","2","HT5","c5674415-46d7-438e-9f3e-ed73acd63b11","Traumatizei","BR"
"SMP","2","HT5","8d35ff04-3828-4db0-80bd-ac5932aede07","tugleta","BR"
"SMP","2","HT5","8036b6c6-b39f-4ec6-94d3-67898cd1c43d","tukasApenas","BR"
"SMP","2","HT5","f526a1e1-92ba-40e8-9a13-5c40433bd015","TungTungMonter","BR"
"SMP","2","HT5","a2db242d-5768-489d-a0ba-69bfe42bfed6","Tutupons","BR"
"SMP","2","HT5","b6aa1277-8e02-41ac-ae16-d4c1e0b43146","twixyalsa","BR"
"SMP","2","HT5","649d4c08-30f0-4ff5-9e4b-d155cc1f9745","Ugomes01","BR"
"SMP","2","HT5","64164207-4a3f-486d-a8f4-7491e5501436","V0idZadas","BR"
"SMP","2","HT5","3da191da-d1f5-4847-b980-f2873eb714bc","V10rei","BR"
"SMP","2","HT5","52963ce2-be9d-4619-a903-4d3c3537abae","VHXszin","BR"
"SMP","2","HT5","059b6b95-1fd7-44fb-bd8c-34dd77a531a2","vinisans_8","BR"
"SMP","2","HT5","a1641155-1afe-4bfb-a9b1-7604a2414192","Vitonto","BR"
"SMP","2","HT5","132f04d5-0ddc-493c-9a48-365f427a769b","Vwyk","BR"
"SMP","2","HT5","6878a647-35d1-4fcf-9f1a-5f57437eec32","Wellinton_","BR"
"SMP","2","HT5","1d71997f-0b65-4a6c-8e8e-eba545b0f5c1","wMaluh","BR"
"SMP","2","HT5","4c2f777c-08c5-4072-a8cd-7f6d8d0c6e11","XantaresPK","BR"
"SMP","2","HT5","ea15373c-6850-4358-9c2b-406bc509133f","xCarlosBR","BR"
"SMP","2","HT5","c918fdda-f947-4beb-bcec-5d3f17ff628e","xisde","BR"
"SMP","2","HT5","4774f14a-e50b-4a20-adc6-eece9584bb86","xKamicase","BR"
"SMP","2","HT5","b1d19ff5-bda1-4d03-a8da-c3047421fc9f","xqge","BR"
"SMP","2","HT5","f19e6b7a-408f-4402-96a3-1385227451d6","Xustsss","BR"
"SMP","2","HT5","cd15752e-78fe-4ddb-a6ae-7b4b83b6aea3","xydsiz","BR"
"SMP","2","HT5","9a38d752-5fdd-4149-aeef-05af00d2caef","XzKittyKau","BR"
"SMP","2","HT5","2d841832-66a9-48f6-988b-665e0f6f73dd","yarake_bw","BR"
"SMP","2","HT5","615dcf97-2d9c-4d60-9e4d-ce24caacd3d1","yellowbunnie","BR"
"SMP","2","HT5","4d32fa24-7ff9-40df-8cba-b0b989ceb698","yumitssu","BR"
"SMP","2","HT5","3c19b94c-2225-40a1-a443-7e3e61020d9f","Yusuke_0","BR"
"SMP","2","HT5","c841f5e9-714d-4100-ab8c-488d74ba5f4a","ZaChrys7","BR"
"SMP","2","HT5","4eda09cb-3056-44cf-a455-7d55f16f70be","Zackszx16","BR"
"SMP","2","HT5","dd6e0951-70b2-46e7-aa16-37bba50a4c54","Zagryn_Ofc","BR"
"SMP","2","HT5","a4e63b6b-2e58-4f88-b378-6bb30fa6b56f","zAstraXD","BR"
"SMP","2","HT5","7319eaa8-1f49-47ab-850c-bc52becfd6c8","zeldqq","BR"
"SMP","2","HT5","0592d879-86de-487f-aa32-bb9414bcc061","Zenaxxzh","BR"
"SMP","2","HT5","4af0b6d4-6862-4144-acc5-bce9c15fee54","ZeroEcko","BR"
"SMP","2","HT5","b10d215d-197b-45a7-9e83-514d859ef19f","zMarcos_x","BR"
"SMP","2","HT5","7c63f06e-c5a5-4ebb-9ff2-b586e4c67af6","zynx05","BR"
"SMP","1","LT5","581a6247-e574-42f0-bb87-592c2cad7069","__soneca","BR"
"SMP","1","LT5","f461363e-9e35-4b9e-8ca5-259dbfc8d4d3","_nyuu_","BR"
"SMP","1","LT5","b7e54839-be45-4d31-855e-274d2aec5863","_PandaGG_","BR"
"SMP","1","LT5","0a8268c9-0e65-42c4-8fb1-0e846cf48967","_Sloownees","BR"
"SMP","1","LT5","db3a3dbd-2b04-4584-9ac2-37e0445af605","02reidavi","BR"
"SMP","1","LT5","a25ae37f-1de9-4284-8fc0-0cdc30380ff1","1bitkj","BR"
"SMP","1","LT5","c111613d-12d7-43af-931d-036b90ace23a","2y2z","BR"
"SMP","1","LT5","1d16a9ca-9378-4521-83cf-d9c4ddb50fc9","3YViper_Hazzard","BR"
"SMP","1","LT5","18e1476f-73e2-4a07-b5d5-2b24d3e476ed","7Leca","BR"
"SMP","1","LT5","7cad510d-f472-4c1d-a9ba-16640e28bca9","8Kai","BR"
"SMP","1","LT5","e272e283-27e2-48f9-8e13-e72c830211b9","Abidyel9475","BR"
"SMP","1","LT5","8ab268ac-c8c4-4e12-a31e-df914540cd43","Agedlotus42","BR"
"SMP","1","LT5","2cb04ed0-17c8-4d67-8f15-4f4185d51295","AKA_KRYS123","BR"
"SMP","1","LT5","454f9b13-44b5-4c3f-985a-79c016e426e6","AlienZRD","BR"
"SMP","1","LT5","25ebb78c-2eb4-46f9-a142-f004a15ea0d4","almeidzxs","BR"
"SMP","1","LT5","adb2c38a-6ac4-47dd-a901-5baa085e1f9b","AnaNaoXita","BR"
"SMP","1","LT5","57cacb55-71e7-46bf-98c0-375e8600eed3","ApoYmed","BR"
"SMP","1","LT5","ec91a88a-2c50-44f8-9650-3769b290a22c","baretta__","BR"
"SMP","1","LT5","ea7d683a-1bb7-49ce-80f4-b726820e5d1c","Bastuss047","BR"
"SMP","1","LT5","d0973a5c-9895-41a8-a353-275075ab5b07","baunilha5342","BR"
"SMP","1","LT5","3ee45799-d23c-40ed-afc6-2e74f1072bb1","Bebelem_YT","BR"
"SMP","1","LT5","67d9e928-fdc5-4025-a4a0-10001eb56109","Belonex00PVP","BR"
"SMP","1","LT5","a7c20023-007f-4a8f-9d29-854d29f63f3b","Bervyxz","BR"
"SMP","1","LT5","4791741a-321a-4de6-8874-3487b7c5a0b0","bibi_tacerto","BR"
"SMP","1","LT5","0ce5f72c-3934-4fae-bf64-117432331ba4","Blackizin","BR"
"SMP","1","LT5","61c1f44f-6aed-4a31-be6c-d0763e75a4b9","bontzx","BR"
"SMP","1","LT5","32928c24-7f6e-4c1e-b4f7-b2705346883a","BostaPremium","BR"
"SMP","1","LT5","1516a222-7c09-4fa1-b38c-2d75380c3572","Bracin07","BR"
"SMP","1","LT5","ed784eba-77be-4b66-b560-5ef2411deadb","bydb2","BR"
"SMP","1","LT5","1b51c876-fc59-44d3-8ea6-b36fd915b066","Cacheadoisback_","BR"
"SMP","1","LT5","ab8826fe-0d66-4fec-8617-5e5a140610d4","Caiobas12345","BR"
"SMP","1","LT5","01355063-3afd-422d-bd4e-d126c8a53486","CatupigYT","BR"
"SMP","1","LT5","20c43446-4f76-44f1-a574-3f5f5b48f95e","CauaGG_","BR"
"SMP","1","LT5","126645bb-2241-4f68-954f-3dddb2eb0f64","ChikitoOFC","BR"
"SMP","1","LT5","957aac72-7d07-44b6-ad48-aefaea0fb7b0","Chineisizi","BR"
"SMP","1","LT5","6a3db078-888d-4e9c-86fb-8b1866667e28","cristaozinho","BR"
"SMP","1","LT5","f3f5065a-3a58-491a-af1b-5fd1f6543a97","ctszim","BR"
"SMP","1","LT5","5075aefc-0812-4414-a240-68f6344ecdb4","davi_legal","BR"
"SMP","1","LT5","9e27617c-e22f-4346-af8f-4234b266c6fd","Daviggn","BR"
"SMP","1","LT5","e0bee4a3-a31b-4d61-bc1a-90700a2ccb1b","DereckBW","BR"
"SMP","1","LT5","e9fef872-c6d8-48c2-ac0f-474620cf7f49","Devpedra","BR"
"SMP","1","LT5","da0592d7-f0dd-4f8c-902c-07261560c659","diasxrz00","BR"
"SMP","1","LT5","1c28a373-9202-449c-a55e-5f4ce9f04caa","DKABC","BR"
"SMP","1","LT5","0b213737-c0e6-4eb2-81bc-d6604b591e9e","Dormindo021","BR"
"SMP","1","LT5","58dd834f-abcc-43d8-b82c-ab7b1b1413e9","Dpm_0_0_","BR"
"SMP","1","LT5","d236ba7f-a189-4aaa-b228-3b3fab6cf97f","Drenam","BR"
"SMP","1","LT5","4c697ee5-cb0f-4963-ac18-cc129f154f59","Dxtr4_X","AR"
"SMP","1","LT5","6333c97a-7d6c-4bbb-8d28-bc31cda9e901","Ebonyy_","BR"
"SMP","1","LT5","54374b9c-a8f0-4d23-9ea8-2cd902d0ce8d","Enygma_Gamer","BR"
"SMP","1","LT5","539fad26-d239-4035-8af8-264e60e9f587","exez4","BR"
"SMP","1","LT5","195e93a4-5eea-494b-bc27-87d15d4c9cdb","Expumant0p","BR"
"SMP","1","LT5","2b09d832-dd81-4704-82b6-afedb6919b88","ExuCoriga","BR"
"SMP","1","LT5","807d1219-a38d-47bb-96b5-19c19c455f29","FAKEPLAYER666","BR"
"SMP","1","LT5","d472f829-d54c-4d1b-b76d-0e533a5b64c5","FallenTwo","BR"
"SMP","1","LT5","2190ee6e-3c80-45ce-ab10-965f917e4ba4","FatalitySET","BR"
"SMP","1","LT5","1e46f405-2b50-46e0-95e3-bd75e97a9363","fdnu157","BR"
"SMP","1","LT5","725929b6-6231-4dc9-928f-8012ada0e39a","feedparrot8","BR"
"SMP","1","LT5","f5266e5c-4a9a-4da6-a741-3f41629dbfd0","Felipzn12","BR"
"SMP","1","LT5","845c5065-3ccf-4023-b4f0-c58d7ae48027","FerbSupra","BR"
"SMP","1","LT5","772b3317-0b7e-4aae-a1af-9109cef12e85","filhodopkb","BR"
"SMP","1","LT5","cb5e6324-455d-4277-8011-4ef4ba44c20b","fp1_","BR"
"SMP","1","LT5","b85bc288-f4eb-4566-88a9-510fd00a6c8e","Fush1guro_","BR"
"SMP","1","LT5","e2937f4e-9f36-4df7-a010-49a7af3c4770","G4bs7","BR"
"SMP","1","LT5","978c01ea-ef5d-4cef-a42a-c3d75ace6acb","GabzinW_","BR"
"SMP","1","LT5","c6450a3f-9b55-4064-90f0-8599a328dc45","GAMERSTHMILLER","BR"
"SMP","1","LT5","03931c7e-4bde-4703-b97a-f65292796ccb","goiaba_podi","BR"
"SMP","1","LT5","7466895a-33c1-4c7b-bc38-9a0eaa7a33b7","gojoeditszx__lt5","BR"
"SMP","1","LT5","87439ff3-dda6-4081-825a-2972a3fc89c6","Groovy1v9","BR"
"SMP","1","LT5","8e193cc5-fb04-41c4-8f3d-11d6d909682b","GsEmpty","BR"
"SMP","1","LT5","12cf0bdd-7b26-4c4c-8760-edb4450255c0","gunaprofile","BR"
"SMP","1","LT5","125cbf90-2f59-4142-8e2f-812de472552a","gustapvp77","BR"
"SMP","1","LT5","5e30b05b-5ed1-4174-9efb-8a5a73398646","H3lpantedFar2b2t","BR"
"SMP","1","LT5","3d4e31cd-6fc3-4da9-b312-4b0a69633e55","hanakors","BR"
"SMP","1","LT5","6582af68-fbf9-4520-bc51-b0d761d747ab","hashtag_sl","BR"
"SMP","1","LT5","6c744ff8-3b17-48cf-b3d8-0a529ae24ef1","HatredV","BR"
"SMP","1","LT5","ae10053b-519f-4846-b923-84ae2793d1a1","Hidden_Mon3yGG","BR"
"SMP","1","LT5","4b9ca291-5d3c-46be-b9bb-e3bfe6a40855","ianzaoo","BR"
"SMP","1","LT5","a08cd3fa-57a5-4e2d-8f1e-26f701754749","IDKDarkxau","BR"
"SMP","1","LT5","58628322-16ad-49b7-accc-c9a2d6aadc96","ImMaybee","BR"
"SMP","1","LT5","0ba3d767-5078-49cf-80a0-52d93973c80e","iorch123","BR"
"SMP","1","LT5","c29ea963-a5b3-4697-afc9-cdc4f6acb763","Irrealista","BR"
"SMP","1","LT5","d85d810e-d86b-4aea-89c8-ba4f1a5802da","ITSCrazy67","BR"
"SMP","1","LT5","72a5e458-884e-4484-97f9-476020d3afc9","itsDrayx","BR"
"SMP","1","LT5","59552ba8-ec8b-4eea-9741-cb98e0bedecd","itz_theRip_","BR"
"SMP","1","LT5","58b7a7cb-3048-4012-8f9e-1fd12cc8f7ba","ItzBocchi","BR"
"SMP","1","LT5","4549bbdd-637b-44ec-b4b7-84f2d6158f80","itzrealgui","BR"
"SMP","1","LT5","c1eb7bc4-4abf-48dc-8d8b-6d13c14a7c80","izukinhow","BR"
"SMP","1","LT5","f4f679c2-b147-4877-a791-c41fcd5d46eb","Jandrawn","BR"
"SMP","1","LT5","d68f0bce-1d89-415e-8754-62fb197d75e6","Japa_zhX","BR"
"SMP","1","LT5","a11e7c9b-bdb1-4611-ab48-8be7dc4ef0b3","JayzPrime_","BR"
"SMP","1","LT5","00deb096-47bc-42cd-b4dc-e58d2f4c1357","jhonathah_","BR"
"SMP","1","LT5","f25109c8-a1b8-4ad8-994c-d217508124dc","JhoniStrike","BR"
"SMP","1","LT5","d909a68b-ab88-42ae-a3cd-29d4732d2a35","joaozimtw","BR"
"SMP","1","LT5","21957811-3220-416b-a73d-d3d173ea6b4a","Jupitturni","BR"
"SMP","1","LT5","cc5c1587-653c-4f0b-ab1b-1e310e5d02fc","JustSword_","BR"
"SMP","1","LT5","cc146958-fb6f-4291-ac6b-c0f777da1bc5","K1RB2","BR"
"SMP","1","LT5","4d47975c-a2a1-4735-b33d-c881acc72f2d","k1romi","BR"
"SMP","1","LT5","c7c64f86-763a-413e-9f2e-91ec4d1f9d1b","Kattzoiudo","BR"
"SMP","1","LT5","1edcefe7-f51c-444b-8ffc-636bbc5f6c1f","Kauan13X","BR"
"SMP","1","LT5","ca841602-e443-4b1f-9dc3-b6caec18a505","keirolo","BR"
"SMP","1","LT5","e80f53a9-7f8f-48a0-86f6-dbab34a45456","KingWz_","BR"
"SMP","1","LT5","f5824df4-b015-4008-8da3-52a418550444","KitaOverdose","BR"
"SMP","1","LT5","34615adf-de20-4f8b-85c3-9c02a7db3f26","kkphzin","BR"
"SMP","1","LT5","cb448ca6-4439-4090-a794-e60b29f34e83","kleberjunior123","BR"
"SMP","1","LT5","25dfb39d-08ef-4b0c-968f-73b1e91b5d64","KnoxISme","BR"
"SMP","1","LT5","b27e5c98-b30b-4a2e-8d2d-0c9f2d1b4e60","kyojoror","BR"
"SMP","1","LT5","8873ff6c-f488-44c3-99a2-0ff3d73f8d2e","LCDOLOVE_","BR"
"SMP","1","LT5","ddef8537-0f9a-4c9c-b5c7-1a472266276e","leadpower","BR"
"SMP","1","LT5","44040471-9c71-497e-acba-300e7dd15a4e","LeiteComMucilon","BR"
"SMP","1","LT5","4671f3c6-740b-48b6-9e7f-9832cfc06411","LinhValeueoUwU","BR"
"SMP","1","LT5","6c16d0e4-d4c7-4225-a358-d94cb43778b4","lksfps","BR"
"SMP","1","LT5","83b24050-a32d-4d88-9d83-6d8d70c40b4c","Locks_NL","BR"
"SMP","1","LT5","aa9757ff-9054-465b-8a13-9c39236146c7","lucac3te","BR"
"SMP","1","LT5","b5b6d800-b6c1-487d-971c-cdc018964702","LunnyZxzz_","BR"
"SMP","1","LT5","f506b6e4-ef86-467c-9dc4-4830e1a2906c","Lynvax","BR"
"SMP","1","LT5","d53109b7-9d26-4a99-a199-500610bc2541","machado____","BR"
"SMP","1","LT5","d05f84e6-52d6-475a-8402-6a0263ecd3f9","Makarta","BR"
"SMP","1","LT5","e11a2e8e-ec22-447d-8d5e-53ed67b59a35","marcolike","BR"
"SMP","1","LT5","df8e2e73-479f-4116-8470-96ded483fd04","Matheus_Knup","BR"
"SMP","1","LT5","bd5831b3-9ebe-4338-9ce3-25a92202648f","Meliodaskkkkkk","BR"
"SMP","1","LT5","bae2f8e1-9431-4bf9-b490-dc85207415ff","MeowAFK","BR"
"SMP","1","LT5","7c6eec7e-f2a6-4c03-86dd-3acd0034907e","MERCURIO2111","BR"
"SMP","1","LT5","dffec5e4-e1e9-4eb9-80bf-c06e3ffe94e3","Mestre_Casca","AR"
"SMP","1","LT5","7f1c1fc4-1b0d-4f9c-9a7d-0517da14a59d","MIGUEL030","BR"
"SMP","1","LT5","dda607b9-c58e-4366-a8b2-a0324be636c3","MilkyWayBR","BR"
"SMP","1","LT5","a3c85a7a-b424-4157-a89b-848c15b231c2","MONN_001","BR"
"SMP","1","LT5","9ce57d36-81c1-4d05-9dfb-6d3ab7fdbe92","Montheduck","BR"
"SMP","1","LT5","2880208d-f691-4046-aa4c-4ce52d2a4843","mowww_","BR"
"SMP","1","LT5","5221b0b8-c3ea-4cc1-bd49-69d324686712","MrBot14","UY"
"SMP","1","LT5","2253fb2d-5c64-41a9-b99a-a976ad7f2e32","mtzssouzx","BR"
"SMP","1","LT5","ae3d26e5-3f3f-4575-80c1-cb73cbd28d84","Mxzgz","BR"
"SMP","1","LT5","5a4356f1-25e5-4e01-8d9a-eb01e92a2271","MyPLzinn","BR"
"SMP","1","LT5","a8748bee-051b-4b80-b5a3-a39d94329095","MysterLagrugru","BR"
"SMP","1","LT5","dfa79637-fc67-4297-8a9f-ec7e7b3fe59c","NaoDropa","BR"
"SMP","1","LT5","caaa33b6-d516-41e6-b06c-13f5242a70e9","Natancrysamarlow","BR"
"SMP","1","LT5","da321712-8629-4443-a358-ef6639c65515","NatannaelX","BR"
"SMP","1","LT5","0bd73dc4-3c29-4bfb-b313-4160ffc8c6c3","NBAprision7625","BR"
"SMP","1","LT5","0a2d2434-0edd-4136-9df2-41198f2f3aad","Nemopix","BR"
"SMP","1","LT5","632ccf12-0a44-4364-b9cf-44dab676ae18","neskLOL","BR"
"SMP","1","LT5","a8c06b77-4dba-4d0d-941d-7a36413cee4c","Neutralizei","BR"
"SMP","1","LT5","40e57397-825e-42e9-8501-7c0cc36280d6","nicizzi","BR"
"SMP","1","LT5","47b081c7-5ac6-435f-8125-b2981423b60f","Nickyzinn","BR"
"SMP","1","LT5","4e9f8c2c-8392-4620-bd47-d52b0850cf66","noestemporada","BR"
"SMP","1","LT5","c558ec22-e012-4c4a-9ccd-50f508abd184","NogonzZ","BR"
"SMP","1","LT5","eaf1542e-fa61-44a0-ab8f-9087d43e12f1","Nomear","BR"
"SMP","1","LT5","59aabbe0-0e48-490f-9d44-6f2d2c079f6d","Normalizando","BR"
"SMP","1","LT5","8c49cc05-fa58-42d8-82ec-5223afbcf5f8","NotRealSukii","BR"
"SMP","1","LT5","cb78eacc-8534-48a9-96a7-74f0df133070","oDourado","BR"
"SMP","1","LT5","ceb7fef6-9b78-4911-b678-0a946ecf485f","oiTechs_","BR"
"SMP","1","LT5","686bfb17-d932-47e7-9511-3de87d4d17a8","oliveiiraah","BR"
"SMP","1","LT5","5e993cad-17ce-4c1e-8b47-eec353540e2c","oqcz","BR"
"SMP","1","LT5","5327db80-7936-4e91-8d74-eddbaf36e2b7","Or13biR","BR"
"SMP","1","LT5","7a322d39-618d-4f52-b93f-9bbaeb270d46","Orochi07_","BR"
"SMP","1","LT5","f26394cd-e9b5-48a6-a158-1ca82d18e8c7","oSweeTo","BR"
"SMP","1","LT5","7690205f-6a7b-4cb5-9474-3ec1acac7032","P3terbot_","BR"
"SMP","1","LT5","5a0c34c2-4024-488f-93c7-a9cababa32b4","papo_de_pasafome","BR"
"SMP","1","LT5","408007f6-fbf2-45a0-b10b-756c960877e3","Paulista__","BR"
"SMP","1","LT5","1449f6ea-5daf-41e9-bb0d-ee93e9561091","pbolinaa","BR"
"SMP","1","LT5","d7fa9e9b-bee6-4d21-b526-e09b6d313e47","Pedro_xl15","BR"
"SMP","1","LT5","d5312d13-a0de-44ed-8ee6-32ac6170709a","pedroapela","BR"
"SMP","1","LT5","99272e8f-347a-4343-a15e-cef72fde375a","piercedwoi","BR"
"SMP","1","LT5","95bc0dd6-d112-485b-91fd-e18a5b65de7a","pl5w","BR"
"SMP","1","LT5","74adf6b4-60f7-4d77-ac77-1454d8638665","Po_Torado","BR"
"SMP","1","LT5","522b8317-ad4f-499d-8f31-bacf62176bf0","polaroidd","BR"
"SMP","1","LT5","f4094033-651e-495b-b6b9-072bef89ddbe","prdruxx","BR"
"SMP","1","LT5","94b1a52a-2e2a-468e-b5bc-b993cbf7e69d","PulseOverDose","BR"
"SMP","1","LT5","a882a0c7-88f6-4c03-8185-e1d8753d07e0","Pulverizado","BR"
"SMP","1","LT5","904ff3d1-307f-46e3-b3c2-698463189c31","PyromaniacVV","BR"
"SMP","1","LT5","bfb36504-18e1-40c0-b56b-60e911de9b01","Qbvault","BR"
"SMP","1","LT5","415880bd-88e4-476c-a190-9979f0c95bac","QueroCafeDisGraC","BR"
"SMP","1","LT5","8dfe5e80-57d2-4164-90f8-39303d321e92","R3DST","BR"
"SMP","1","LT5","2d331f8a-899c-4a67-8a09-353d47494ff7","R4mozs","BR"
"SMP","1","LT5","b061d5cd-43fc-4277-bb27-21dd2518dcbc","R4toAmasado","BR"
"SMP","1","LT5","07958303-ffdb-4a68-936c-8b384ea988bf","Rafinha_gelo","BR"
"SMP","1","LT5","f01c7273-df07-435b-b44f-b28c7e332f6e","ramonnZz","BR"
"SMP","1","LT5","6910ac3f-5786-4fff-b08d-21cda646059a","Raridade_","BR"
"SMP","1","LT5","be60e272-9f69-4477-93d7-1f2ab8739182","RazeWyn","BR"
"SMP","1","LT5","91615f26-5305-40f0-8068-2ee35aea607b","reisupremo","BR"
"SMP","1","LT5","c07bd973-dfdd-444f-bbdf-cdbff468d17e","Resenhou","BR"
"SMP","1","LT5","3c754b02-fac0-489e-ad85-da4685d42bf9","RetiredKing","BR"
"SMP","1","LT5","c7f6354c-fa5b-4bb1-a898-c8aec7cd3220","ribeirysz7","BR"
"SMP","1","LT5","dfcf543d-3dc1-4f2b-8635-7ad43b09453e","Richarlyson","BR"
"SMP","1","LT5","e9263331-6106-436c-a49c-be1e3ee50662","rnsinistro","BR"
"SMP","1","LT5","8dc49adb-7642-4cee-98f3-fe66398ed348","rosecaixaopodi","BR"
"SMP","1","LT5","9c18d855-fd47-43b5-b13e-99d81c9005c7","S6yz","BR"
"SMP","1","LT5","1b07523f-93d4-4576-9361-f0adb03ce683","Sadwkkj","BR"
"SMP","1","LT5","faf1f419-6392-4834-9b4b-fbdae6da5aa9","Salamanba","BR"
"SMP","1","LT5","8bf7c929-504b-4b20-8bf4-7d7c8238a4c2","samuelbld","BR"
"SMP","1","LT5","7d7d3d94-a57b-4e39-8653-211290bcc5f3","SansVoidBR","BR"
"SMP","1","LT5","8fab7065-8df7-4db4-8b8e-75f15dee65ce","Sants_77","BR"
"SMP","1","LT5","69ae4126-57fd-4ba8-9ba3-1ef60e9edb5c","SanttosBLATANT","BR"
"SMP","1","LT5","0997f34a-9139-480b-8013-5288a64a1fee","sapo5367","BR"
"SMP","1","LT5","8936e964-6897-4a27-9592-654e1574615c","SatlaMocha","BR"
"SMP","1","LT5","35d8c6ad-4088-4459-9bd5-98791de1f69a","Sekuss","BR"
"SMP","1","LT5","d773ceaa-9963-420b-a619-ae893bd483b8","Seyruhh","BR"
"SMP","1","LT5","2bd9da53-fd78-4a56-96b3-03192dbf86d5","Shyzk","BR"
"SMP","1","LT5","b4928d20-963a-4589-ba9e-bca57b4aa60c","sidney_0516","BR"
"SMP","1","LT5","19f78b82-22af-4877-a209-6afec8d9ae5c","SkyzinnX","BR"
"SMP","1","LT5","924c9b2c-4eff-4db1-b24b-28f83a11d40a","SlownessWy","BR"
"SMP","1","LT5","a3536127-ca1b-4a0a-ae44-e6872a9840fd","SOMBR1O_","BR"
"SMP","1","LT5","81ab42df-3428-4add-9d90-213e3087e71e","SOMBRIO1","BR"
"SMP","1","LT5","bf2b3567-2460-485c-979d-1965b25823db","sorayaxoxo","BR"
"SMP","1","LT5","fc3724b9-8fee-4331-8e0c-7795d21cbc68","SpecIsBack","BR"
"SMP","1","LT5","a9867c55-0881-457e-94f4-932531388295","SrLordM","BR"
"SMP","1","LT5","a5a48cd9-be42-483f-b7b2-3e2762ad457b","SrLsis","BR"
"SMP","1","LT5","d8f771e2-2cef-4592-9894-114ff7f5161f","StormBreakero","BR"
"SMP","1","LT5","c33877ac-0baa-4c08-afd6-a6326ee12a0b","tearsofwin","BR"
"SMP","1","LT5","33a57277-ca45-47d2-be9a-a095a621b2ce","Teyx10","BR"
"SMP","1","LT5","0dad82e9-3acb-4744-862e-ab48ed14ad53","The__Grink","BR"
"SMP","1","LT5","c44689e7-3671-4b96-974f-cc52c7ed55de","theprague","BR"
"SMP","1","LT5","e5f5055a-8599-422e-9331-98f007a0d35c","THREGGE","BR"
"SMP","1","LT5","975ec04a-f78e-445b-b813-e33998d88bf9","Thurx__","BR"
"SMP","1","LT5","a1618cf2-76a9-4c44-be0b-ebd22cb255cb","tutuzin7k","BR"
"SMP","1","LT5","2598aedf-2fbb-42dd-970a-925f4a7ba4a6","tutuzinn6","BR"
"SMP","1","LT5","50735402-e750-4baf-a335-7677294b5e5e","Type_Found_Null","BR"
"SMP","1","LT5","87e3c995-1dd7-42c3-937b-e5f4beeb32e6","uDant","BR"
"SMP","1","LT5","21db7ee2-d713-4262-9067-6c0517006f7f","Umiko__","BR"
"SMP","1","LT5","a32ee827-c918-42cf-b532-a1e11fe8c8fc","Vampxr8_","BR"
"SMP","1","LT5","7bb71917-3d2f-4022-a9e4-bf302e5637fc","Vibezito2ponto0","BR"
"SMP","1","LT5","43b42c11-5589-4bcc-be59-33a85af2d9c6","vyxzw","BR"
"SMP","1","LT5","fdb0ae73-9c0c-4c42-b010-ac97fb8305ab","WAlFUENJOYER","BR"
"SMP","1","LT5","f8c88275-5391-4aef-8792-423b9446f75b","wantqz","BR"
"SMP","1","LT5","809c40f5-cb02-4dc8-8b93-f06abea42b94","wDARKZINN","BR"
"SMP","1","LT5","12528d90-e8d0-436c-a297-70943fbeba22","wqpdXD","BR"
"SMP","1","LT5","78e53332-2317-4cce-934f-92945c8db23b","xrrs_","BR"
"SMP","1","LT5","beafde30-1ef1-4dd8-a0d7-8ab78cc215bf","xyznoon","BR"
"SMP","1","LT5","72540ce7-f189-4e6f-b51d-f905c594d852","yDraxGG_","BR"
"SMP","1","LT5","699b5dee-5162-425f-aa45-720b246a743e","ygtyvvty","BR"
"SMP","1","LT5","01702845-7d80-49a4-90a0-c52e80cfac3a","ykfzz7xp","BR"
"SMP","1","LT5","92ad8fc4-af0c-4819-b24f-0e108e166951","yN_nqBR","BR"
"SMP","1","LT5","381f730c-7e7e-4077-a2ce-d7dda83d7599","yoKittyKrow","BR"
"SMP","1","LT5","bfb73e30-3b84-4cf1-8145-3033629ed9c6","yTapi19","BR"
"SMP","1","LT5","f2d37a9f-280c-4011-a101-e0a64900259e","yuzzy67","BR"
"SMP","1","LT5","ba319b87-5061-4688-99dd-a75abbfe9b9a","zopc_","BR"
"SMP","1","LT5","3698f6c3-c5e3-4577-8633-b159479e5351","zpatoo1","BR"
"SMP","1","LT5","cc7e1c75-19fb-4db2-970b-62598edb0ec6","zSale","BR"